BELNR,WAERS,BUKRS,KTOSL,PRCTR,BSCHL,HKONT,DMBTR,WRBTR,label
532965,R1,H05,D8,B70,Z68,K21,92445506.0141,59585027.8858,global
532919,Z3,J3,U1,G1,Y78,M28,92445511.9523,59585051.8422,global
532980,C1,C20,C1,C1,A1,B1,90658.284578,54449.8388203,local
533009,C1,C11,C1,C32,A1,B1,910658.458544,54432.7426558,local